{
  "deterministic_trend": {
    "model_name": "base_deterministic_trend",
    "best_clf": "LightGBM",
    "val_scores": {
      "LightGBM": 0.9054726368159204,
      "XGBoost": 0.8944723618090452,
      "MLP": 0.8768472906403941
    },
    "test_f1": 0.895,
    "test_acc": 0.8942,
    "pos": 996,
    "neg": 989,
    "n_features": 777
  },
  "stochastic_trend": {
    "model_name": "base_stochastic_trend",
    "best_clf": "XGBoost",
    "val_scores": {
      "LightGBM": 0.8393782383419689,
      "XGBoost": 0.8762886597938144,
      "MLP": 0.8393782383419689
    },
    "test_f1": 0.8519,
    "test_acc": 0.8589,
    "pos": 996,
    "neg": 989,
    "n_features": 777
  },
  "volatility": {
    "model_name": "base_volatility",
    "best_clf": "XGBoost",
    "val_scores": {
      "LightGBM": 0.8095238095238095,
      "XGBoost": 0.8207547169811321,
      "MLP": 0.7878787878787878
    },
    "test_f1": 0.8241,
    "test_acc": 0.8086,
    "pos": 996,
    "neg": 989,
    "n_features": 777
  }
}